Comparison,Video_Mean,Other_Mean,Difference,P_Value,Significant,Cohens_D,Effect_Size
Video vs Image,461.2216049382716,444.3808564231738,16.8407485150978,0.01153753406414463,Yes,0.015579299534823347,Small
Video vs Article,461.2216049382716,248.99138461538462,212.23022032288696,9.506370210145336e-36,Yes,0.2685083647516493,Small
Video vs Text Only,461.2216049382716,402.1128274009402,59.10877753733138,0.007477073280463417,Yes,0.06468169326216103,Small
Video vs Reshare,461.2216049382716,58.582952182952184,402.6386527553194,0.0,Yes,0.5721219475230507,Medium
