Feature,With_Feature_Mean,Without_Feature_Mean,Difference_%,P_Value,Significant,Cohens_D,Effect_Size
URLs,430.3944555778223,290.3094862140168,48.25366583458269,1.0603922353833503e-27,Yes,0.1429790266405379,Small
Questions,342.58399255467657,324.13593302489534,5.691457703445772,1.5644832023199206e-12,Yes,0.01987853588519462,Small
Emojis,280.69585687382295,346.27807486631013,-18.93917713901088,0.07729551547822996,No,-0.08086941014497731,Small
Hashtags,317.6225026288118,329.7159249329759,-3.667830817277764,0.06926112228743336,No,-0.01541267676254228,Small
